State,2014_gdp,2015_gdp,2016_gdp,2017_gdp,2018_gdp,2014_unemp,2015_unemp,2016_unemp,2017_unemp,2018_unemp,2018_health,2017_health,2016_health,2015_health,2014_health,2018_edu,2017_edu,2016_edu,2015_edu,2014_edu,2018_crime,2017_crime,2016_crime,2015_crime,2014_crime,2014_total,2015_total,2016_total,2017_total,2018_total,2014_rank,2015_rank,2016_rank,2017_rank,2018_rank,2014,2015,2016,2017,2018
AL,0.07227832219673505,0.06967049560278378,0.06874153978169796,0.06689801667988562,0.06548859070102796,-0.7884615384615383,-0.8048780487804876,-0.725,-0.43478260869565233,-0.3571428571428572,0.5,0.541095890410959,0.5248226950354606,0.4788732394366194,0.4522292993630573,0.22762148337595908,0.23180592991913754,0.24444444444444446,0.27223719676549857,0.24581005586592183,-0.4644672918314315,-0.455503911121188,-0.37832329782306623,-0.3078794196855182,-0.28517543859649125,-0.3033192996323154,-0.291976536661104,-0.26531461856146316,-0.05048668280685825,-0.028500074897301608,41.0,43.0,44.0,42.0,44.0,3,3,3,3,3
AK,0.011349082834292347,0.011004349623182806,0.010355895593613794,0.009803361278960466,0.009041167770018201,-0.8076923076923077,-0.9024390243902438,-1.0,-1.0,-1.0,0.38000000000000017,0.23972602739726012,0.14893617021276562,0.17605633802816897,0.10191082802547742,0.21483375959079284,0.24797843665768196,0.22499999999999995,0.21832884097035035,0.23463687150837997,-0.8809174104620947,-0.8344858859539734,-0.6304770727188513,-0.5318391104161238,-0.4674561403508772,-0.9272516656750351,-1.0288886061846654,-1.246185006912472,-1.336978060620071,-1.2770424831012837,51.0,51.0,51.0,51.0,51.0,3,3,3,3,3
AZ,0.11136994925818682,0.1088580670158398,0.1091801363853873,0.10864863096784731,0.10864832892042453,-0.7884615384615383,-0.8048780487804876,-0.6250000000000001,-0.5434782608695654,-0.5714285714285715,0.4733333333333339,0.5068493150684933,0.4680851063829785,0.4154929577464792,0.34394904458598696,0.05115089514066497,0.08625336927223719,0.044444444444444384,0.05929919137466305,0.06145251396648043,-0.4109140210145746,-0.43657181725427957,-0.3214451134784623,-0.253844149074798,-0.25447368421052635,-0.5261637148614104,-0.4750719817183036,-0.3247354262656522,-0.27829876281526716,-0.3492100350487227,48.0,46.0,46.0,48.0,48.0,3,3,3,3,3
AR,0.03718769637340566,0.03574741831216109,0.03476774941513376,0.03358888690407355,0.03302317300276871,-0.6346153846153846,-0.5365853658536585,-0.275,-0.282608695652174,-0.30952380952380965,0.626666666666667,0.6438356164383562,0.6099290780141843,0.5352112676056333,0.4649681528662422,0.32992327365728913,0.3611859838274934,0.336111111111111,0.34231805929919124,0.3491620111731844,-0.5079652016721274,-0.5049314136719193,-0.39861046780917087,-0.3503605247154895,-0.3312280701754386,-0.11452559437799087,0.026330854647837687,0.30719747073125814,0.25107037784582975,0.17212410213078777,39.0,36.0,28.0,31.0,36.0,3,3,2,2,3
CA,1.0,1.0,1.0,1.0,1.0,-0.923076923076923,-0.8292682926829268,-0.65,-0.5217391304347826,-0.4285714285714287,0.7,0.6986301369863012,0.6524822695035456,0.5985915492957745,0.4203821656050955,0.5217391304347827,0.5660377358490568,0.5305555555555554,0.5283018867924528,0.5335195530726257,-0.37905321432606487,-0.3771681215281715,-0.2971746178786475,-0.2678307705672835,-0.257719298245614,0.7731054973551841,1.029794372838017,1.2358632071804534,1.3657606208724038,1.4141144875372893,5.0,2.0,2.0,1.0,1.0,1,1,1,1,1
CO,0.12111620472066557,0.12167095236717287,0.12071996613447582,0.11959700325414073,0.11971093167879128,-0.44230769230769224,-0.26829268292682923,-0.07500000000000007,-0.0652173913043479,-0.2142857142857143,0.6666666666666666,0.678082191780822,0.6312056737588649,0.626760563380282,0.5414012738853508,0.46803069053708446,0.4986522911051215,0.49444444444444446,0.504043126684636,0.5251396648044694,-0.3270816856852333,-0.2852284321505498,-0.20389069013432146,-0.1763530536009035,-0.18000000000000002,0.5653494511027934,0.8078289059043582,0.9674793942034637,0.9458856626851864,0.7130408889115948,13.0,6.0,6.0,8.0,15.0,1,1,1,1,1
CT,0.0928852656163081,0.09173405167246472,0.08917228914480932,0.08671751506808036,0.08430953741868802,-0.7499999999999999,-0.7073170731707317,-0.5499999999999999,-0.5000000000000001,-0.40476190476190477,0.826666666666667,0.8082191780821921,0.8297872340425527,0.7676056338028171,0.7707006369426753,0.2557544757033248,0.3045822102425877,0.2833333333333333,0.3045822102425875,0.31843575418994424,-0.11027002598576431,-0.12311529305067452,-0.09606299212598424,-0.0873077925462601,-0.11921052631578948,0.31281113043313824,0.3692970300008776,0.5562298643947112,0.5764036103421856,0.6516987490410107,20.0,21.0,18.0,19.0,17.0,2,2,2,2,1
DE,0.016176726273950524,0.016180840902810814,0.01400599963787579,0.012459018984008445,0.012287401577966059,-0.5769230769230769,-0.5121951219512195,-0.4,-0.4565217391304348,-0.33333333333333337,0.7933333333333337,0.8082191780821921,0.7659574468085107,0.802816901408451,0.7452229299363056,1.0,1.0,1.0,1.0,1.0,-0.3508078183256129,-0.38170275478970644,-0.3575729504400185,-0.3309877508470159,-0.3381578947368421,0.8463186845503371,0.9758148695130263,1.022390496006368,0.9824537031460592,1.1214795832523534,2.0,4.0,4.0,4.0,4.0,1,1,1,1,1
DC,0.03845346628635723,0.03766182373651202,0.03762211203676085,0.036380676559273316,0.036044843304596993,-0.9807692307692306,-1.0,-0.7999999999999999,-0.8043478260869565,-0.761904761904762,0.9666666666666667,0.945205479452055,0.8936170212765957,0.9366197183098588,0.8662420382165608,0.23273657289002556,0.2560646900269542,0.21666666666666667,0.2371967654986522,0.22625698324022353,-1.0,-1.0,-1.0,-1.0,-1.0,-0.849816743026089,-0.7885216924549769,-0.6520942000199768,-0.566696980048674,-0.5264566790434727,50.0,50.0,50.0,50.0,50.0,3,3,3,3,3
FL,0.3539608898626729,0.35352462069040674,0.35527867329914115,0.35166040229160617,0.3496025512862688,-0.6923076923076922,-0.6585365853658536,-0.475,-0.39130434782608703,-0.2857142857142858,0.3,0.3082191780821916,0.29078014184397133,0.25352112676056293,0.15923566878980902,0.2710997442455243,0.28840970350404316,0.26944444444444443,0.2776280323450134,0.2765363128491621,-0.3094565585809513,-0.3259267656728262,-0.2829087540528022,-0.298757710016506,-0.3125438596491228,-0.215118680455171,-0.0726205155863765,0.15759450553475474,0.23105817037892773,0.3255314512365561,40.0,39.0,34.0,34.0,29.0,3,3,2,2,2
GA,0.1980553759126844,0.19759335417477444,0.19904553973033223,0.19718189548157058,0.19498538405275465,-0.846153846153846,-0.7804878048780487,-0.6250000000000001,-0.5000000000000001,-0.3571428571428572,0.2600000000000004,0.27397260273972585,0.2624113475177298,0.21830985915492912,0.21019108280254775,0.3120204603580563,0.3423180592991914,0.3083333333333333,0.3180592991913746,0.3296089385474861,-0.25635521410010165,-0.26742999659902505,-0.24678091709124592,-0.22613152636608463,-0.248421052631579,-0.3567195015227068,-0.2726568187230552,-0.10199069650985068,0.046042560921462694,0.15350777316785247,42.0,41.0,40.0,39.0,37.0,3,3,3,3,3
HI,0.020025750260414973,0.020078918020294666,0.019969145749907675,0.019679734262472368,0.019219269584051388,-0.3269230769230769,-0.19512195121951223,-0.025000000000000022,-0.0,-0.0,0.9199999999999998,0.9315068493150686,0.9290780141843972,0.9295774647887324,0.9044585987261146,0.16368286445012786,0.1778975741239893,0.1888888888888889,0.17250673854447435,0.16201117318435757,-0.16156366512258502,-0.14805577598911687,-0.10893932376100046,-0.15237598818521414,-0.11763157894736842,0.6419408663004418,0.774665181948775,1.0039967250621933,0.9810283817124134,0.9413384689115941,7.0,7.0,5.0,5.0,7.0,1,1,1,1,1
ID,0.015060475305683465,0.01458647119498702,0.015039026122484726,0.014918658622236987,0.01586061056254153,-0.40384615384615374,-0.34146341463414637,-0.22499999999999998,-0.17391304347826095,-0.09523809523809523,0.44000000000000056,0.45890410958904104,0.44680851063829785,0.4014084507042255,0.36305732484076386,0.3529411764705883,0.3827493261455526,0.36666666666666664,0.35849056603773577,0.37988826815642457,-0.1442774827703084,-0.13445187620451196,-0.09884205650764241,-0.08478846320910434,-0.09456140350877194,0.25959851094794617,0.3482336100936976,0.5046721469198068,0.5482071746740578,0.5692862090247268,23.0,23.0,20.0,20.0,21.0,2,2,2,2,2
IL,0.31981868784980444,0.3103660981610723,0.3001581924734054,0.2890192058199354,0.2847972916493478,-0.846153846153846,-0.7804878048780487,-0.725,-0.5434782608695654,-0.45238095238095244,0.7066666666666672,0.7191780821917804,0.7163120567375886,0.6971830985915496,0.5859872611464965,0.14833759590792842,0.1778975741239893,0.13333333333333336,0.14285714285714277,0.15363128491620112,-0.33826686250141225,-0.3577825643351094,-0.28967114404817046,-0.23090956476413868,-0.23535087719298242,-0.022067489434326487,0.1390089699675773,0.13513243849615691,0.2848340369310302,0.3491537393415788,34.0,28.0,35.0,28.0,27.0,2,2,2,2,2
IN,0.1292556927850857,0.12224712617729706,0.12099019905855836,0.117957498908581,0.11765035110140748,-0.6346153846153846,-0.4878048780487804,-0.3750000000000001,-0.26086956521739135,-0.23809523809523814,0.6133333333333335,0.6164383561643832,0.6028368794326243,0.4999999999999995,0.4522292993630573,0.1969309462915601,0.23450134770889489,0.21111111111111105,0.19407008086253366,0.2374301675977654,-0.29544684216472716,-0.31107584174129915,-0.2553960166743863,-0.23412388150464775,-0.2304385964912281,-0.04613882136070438,0.09438844748640202,0.3045421729279073,0.3969517958231686,0.3943725504663358,35.0,33.0,29.0,25.0,25.0,2,2,2,2,2
IA,0.06183124719420462,0.06099101659120946,0.0587791319269193,0.05599794735309782,0.05482602277104557,-0.28846153846153844,-0.2439024390243902,-0.17500000000000004,-0.1521739130434783,-0.023809523809523836,0.8533333333333332,0.890410958904109,0.8936170212765957,0.8521126760563374,0.8535031847133758,0.31969309462915596,0.3638814016172508,0.33333333333333326,0.3261455525606468,0.34357541899441346,-0.17139306293074227,-0.18920757283754677,-0.15646132468735524,-0.1460342281296152,-0.1492982456140351,0.8211500668264204,0.8493125780541882,0.954268161849493,0.9689088219934326,1.0326498639932684,3.0,5.0,7.0,7.0,5.0,1,1,1,1,1
KS,0.052278625500179886,0.05140649126191147,0.051819002894710996,0.050116867985553724,0.0494613364191241,-0.3461538461538461,-0.34146341463414637,-0.275,-0.282608695652174,-0.23809523809523814,0.6,0.6095890410958904,0.5815602836879427,0.5422535211267606,0.5414012738853508,0.0895140664961637,0.10242587601078171,0.07222222222222216,0.09973045822102423,0.08379888268156425,-0.3726132640379618,-0.3171975966443713,-0.2567855488652154,-0.23620884371470768,-0.2192982456140351,0.1120266902992137,0.11571821226084228,0.17381595993966042,0.16232549279568054,0.1282669007820878,26.0,32.0,32.0,38.0,38.0,2,2,2,3,3
KY,0.06850015133180577,0.06605450861294539,0.06450185558169254,0.062240831212134494,0.06062343381778733,-0.7307692307692307,-0.6097560975609755,-0.5499999999999999,-0.5434782608695654,-0.45238095238095244,0.8066666666666672,0.8150684931506849,0.8085106382978721,0.7676056338028171,0.656050955414013,0.07672634271099746,0.0970350404312669,0.07222222222222216,0.09703504043126679,0.10335195530726256,-0.11964749745791436,-0.12526924384990362,-0.10338119499768411,-0.08748153939709842,-0.0987719298245614,-0.0016380985407107723,0.23345754588895534,0.29185352110410273,0.3055968600746172,0.37198799335658517,31.0,26.0,30.0,27.0,26.0,2,2,2,2,2
LA,0.09269406770453546,0.08757203045031504,0.08297748652048345,0.08131041968574675,0.0790560329559761,-0.7115384615384616,-0.8536585365853657,-0.7999999999999999,-0.5869565217391304,-0.5952380952380955,0.6533333333333331,0.623287671232877,0.45390070921985776,0.3450704225352116,0.29299363057324823,0.2608695652173913,0.32075471698113217,0.25833333333333336,0.2830188679245283,0.2849162011173184,-0.4872895717997966,-0.4939349280126969,-0.40852246410375176,-0.36634523499261584,-0.3625438596491228,-0.4034784217924822,-0.5043424506679266,-0.41331093503007715,-0.05553864185207141,-0.08926873553119158,44.0,48.0,48.0,43.0,45.0,3,3,3,3,3
ME,0.011281574806264367,0.01086902753583826,0.010905711088191798,0.010811623363852928,0.010926908251346932,-0.5576923076923076,-0.39024390243902446,-0.22499999999999998,-0.2173913043478261,-0.23809523809523814,0.6600000000000004,0.6575342465753427,0.6170212765957441,0.5915492957746482,0.5923566878980894,0.49872122762148335,0.5256064690026956,0.5138888888888888,0.5175202156334231,0.5307262569832404,-0.0,-0.0,-0.0,-0.010511684475718874,-0.021929824561403508,0.554742387433883,0.7191829520291662,0.9168158765728248,0.9765610345940651,0.9315528977775924,14.0,8.0,8.0,6.0,8.0,1,1,1,1,1
MD,0.1395027132356516,0.13702189725689576,0.13786769712486488,0.1342132359920895,0.12969883355899992,-0.596153846153846,-0.5609756097560974,-0.4,-0.41304347826086957,-0.3571428571428572,0.7800000000000001,0.7739726027397263,0.7446808510638301,0.725352112676056,0.7133757961783438,0.5933503836317137,0.6253369272237198,0.6083333333333334,0.5902964959568733,0.6145251396648046,-0.4037961812224607,-0.43385103729735863,-0.33135710977304306,-0.29467465902180523,-0.30298245614035085,0.5682673467846031,0.5970202371119224,0.7595247717489853,0.6866282503973075,0.7421101788253959,12.0,17.0,12.0,15.0,13.0,1,1,1,1,1
MA,0.18977533779523165,0.18852186738038162,0.18592595328114064,0.1810765702713475,0.18108079048955572,-0.5769230769230769,-0.4878048780487804,-0.25,-0.30434782608695654,-0.2142857142857143,1.0,1.0,1.0,1.0,1.0,0.21227621483375964,0.2398921832884098,0.20833333333333334,0.22102425876010778,0.22905027932960895,-0.257936956276127,-0.26493594830518086,-0.23779527559055116,-0.2370775779688993,-0.2565789473684211,0.5853235928333427,0.6846636701228097,0.9064640110239227,0.8516849791676199,0.9211343347614741,11.0,12.0,9.0,10.0,9.0,1,1,1,1,1
MI,0.18202738282319858,0.17811542384573173,0.17632664942016504,0.17046905527222872,0.16764377295917968,-0.8653846153846153,-0.6341463414634146,-0.525,-0.47826086956521735,-0.40476190476190477,0.8199999999999998,0.8424657534246578,0.8014184397163122,0.7746478873239435,0.6815286624203819,0.3938618925831203,0.4285714285714287,0.3888888888888888,0.4070080862533693,0.4217877094972067,-0.3847022935261552,-0.3733136832558666,-0.31208893006021304,-0.2584484406220137,-0.2864035087719298,0.13355563058424197,0.4671766153376163,0.5295450479651531,0.5899316844472313,0.5920414672542398,25.0,19.0,19.0,18.0,19.0,2,2,2,2,2
MN,0.12804710376584455,0.12446418364290644,0.12283669689729429,0.11909365337822132,0.11817632512266162,-0.28846153846153844,-0.21951219512195128,-0.25,-0.2173913043478261,-0.11904761904761907,0.8933333333333338,0.8835616438356163,0.8794326241134749,0.8802816901408449,0.834394904458599,0.04859335038363168,0.045822102425876,0.027777777777777776,0.03234501347708893,0.053072625698324084,-0.123375889729974,-0.1350187053622038,-0.10921723019916628,-0.10824428807227869,-0.11096491228070175,0.6160881831805274,0.7093344040666103,0.6708298685893807,0.6960673899296838,0.8176795000620339,8.0,10.0,14.0,14.0,11.0,1,1,1,1,1
MS,0.032046186626515975,0.030649974974057363,0.029955193513342485,0.028715572063124584,0.02735895068627488,-0.923076923076923,-0.8780487804878049,-0.725,-0.5869565217391304,-0.5714285714285715,0.3600000000000004,0.36301369863013755,0.34042553191489355,0.31690140845070414,0.29299363057324823,0.20971867007672634,0.2398921832884098,0.21388888888888888,0.22102425876010778,0.23184357541899445,-0.17399163936278386,-0.1537240675660356,-0.1460861509958314,-0.13708626531144125,-0.15412280701754388,-0.5203163374757083,-0.4465594036143768,-0.28681653667870644,-0.10905913532349404,-0.14834259002835373,47.0,45.0,45.0,44.0,46.0,3,3,3,3,3
MO,0.11098008871255334,0.10733074095741531,0.10410772910670113,0.1005757674958638,0.0980805883824002,-0.6538461538461537,-0.5365853658536585,-0.42499999999999993,-0.30434782608695654,-0.19047619047619058,0.5533333333333331,0.568493150684932,0.5390070921985813,0.5070422535211269,0.4777070063694271,0.2659846547314578,0.32614555256064687,0.2833333333333333,0.29649595687331537,0.282122905027933,-0.43995028810303916,-0.46548010429656506,-0.3675775822139879,-0.32959777604030926,-0.29885964912280705,-0.0818958028590473,0.0446858094578898,0.1338705724246279,0.22538654035792116,0.2869720978679614,36.0,35.0,36.0,35.0,32.0,3,2,3,2,2
MT,0.00669778643825231,0.006990707035089632,0.006265889122136684,0.0065318159623010815,0.006502682003652773,-0.3846153846153846,-0.34146341463414637,-0.29999999999999993,-0.32608695652173914,-0.30952380952380965,0.6400000000000006,0.568493150684932,0.5815602836879427,0.3802816901408454,0.34394904458598696,0.28388746803069054,0.3099730458221025,0.2944444444444444,0.28571428571428564,0.28770949720670397,-0.3038074793808609,-0.2871556512867022,-0.2316813339509032,-0.2011988532707845,-0.19815789473684212,0.05558304887871654,0.13032441498528982,0.3505892833036206,0.2717554046608943,0.31705886112967335,27.0,30.0,27.0,29.0,30.0,2,2,2,2,2
NE,0.035482484444950384,0.03533960523595441,0.034689950350667506,0.03382601323741908,0.033393033305522395,-0.11538461538461531,-0.048780487804878085,-0.050000000000000044,-0.10869565217391305,-0.09523809523809523,0.6133333333333335,0.6027397260273977,0.5460992907801413,0.647887323943662,0.6242038216560513,0.09207161125319689,0.12668463611859837,0.07499999999999998,0.10781671159029649,0.10893854748603359,-0.20099423793921586,-0.21675546990137173,-0.16007410838351088,-0.13630440448266876,-0.15228070175438596,0.5009595364480339,0.6059587484823661,0.4457151327472978,0.4377992533081303,0.4425656447147416,16.0,16.0,22.0,24.0,23.0,1,1,2,2,2
NV,0.04579192793240749,0.04605367217792165,0.046142871123400264,0.04625264117627081,0.04632637057668712,-1.0,-0.9756097560975608,-0.7000000000000001,-0.5869565217391304,-0.5238095238095238,0.4199999999999998,0.431506849315069,0.3900709219858158,0.33098591549295786,0.24203821656050956,0.39641943734015345,0.45013477088948795,0.4388888888888889,0.4339622641509434,0.44134078212290506,-0.49723195119195573,-0.49880965876884703,-0.5131079203334877,-0.5020415254973504,-0.46763157894736845,-0.7384606523315465,-0.6666494297730883,-0.3380052383353828,-0.15787191912714965,-0.1582956670846392,49.0,49.0,47.0,47.0,47.0,3,3,3,3,3
NH,0.018544614696358513,0.01843523193167475,0.01841328953946446,0.01775545740101398,0.017566528086371946,-0.3076923076923076,-0.14634146341463414,-0.0,-0.0652173913043479,-0.023809523809523836,0.8333333333333334,0.8013698630136984,0.7234042553191484,0.7112676056338023,0.6178343949044584,0.49872122762148335,0.5256064690026956,0.49444444444444446,0.4851752021563342,0.5083798882681565,-0.07411591910518585,-0.08513773948531912,-0.07021769337656324,-0.07062809486578057,-0.08342105263157894,0.7536455375450868,0.9979084814413967,1.166044295926494,1.194376658627741,1.251695646126479,6.0,3.0,3.0,3.0,2.0,1,1,1,1,1
NJ,0.22147405002740006,0.21510433077386723,0.2108192565651065,0.20202627233194634,0.19910334125630622,-0.7884615384615383,-0.7317073170731706,-0.525,-0.47826086956521735,-0.40476190476190477,0.6866666666666664,0.6712328767123291,0.6312056737588649,0.5774647887323945,0.5159235668789809,0.16368286445012786,0.18598382749326153,0.17777777777777773,0.18598382749326142,0.2011173184357542,-0.10914021014574624,-0.12606280467067227,-0.11069939786938397,-0.11936408652593174,-0.13885964912280702,0.011193747757789807,0.12748154340042084,0.3841033102323651,0.4549193023016473,0.5355507574654496,29.0,31.0,26.0,23.0,22.0,2,2,2,2,2
NM,0.026975810629811407,0.026019571613199163,0.024908708832904906,0.023696184057243008,0.023482791377174534,-0.7692307692307692,-0.9024390243902438,-0.9249999999999999,-0.7608695652173915,-0.5952380952380955,0.5600000000000004,0.568493150684932,0.5390070921985813,0.42957746478873193,0.27388535031847133,0.40664961636828656,0.42587601078167125,0.413888888888889,0.4150943396226415,0.42737430167597773,-0.8256694158852106,-0.7459471715225031,-0.533024548402038,-0.46746590218052303,-0.4342982456140351,-0.47529355222054387,-0.4992135505461943,-0.4802198584816627,-0.48875139121604827,-0.4307751033778445,46.0,47.0,49.0,49.0,49.0,3,3,3,3,3
NY,0.5947074267283368,0.5774618234251305,0.5727872214244448,0.553317755048408,0.546442736172043,-0.6923076923076922,-0.6097560975609755,-0.5000000000000001,-0.5000000000000001,-0.40476190476190477,0.826666666666667,0.8013698630136984,0.7446808510638301,0.6971830985915496,0.668789808917198,0.2710997442455243,0.2991913746630729,0.2666666666666666,0.2641509433962263,0.26536312849162014,-0.2698000225963168,-0.2726448248497903,-0.23214451134784625,-0.22734775432195292,-0.2474561403508772,0.5890965314785854,0.701692013529978,0.8519902278070952,0.8812341678753888,0.9696472197260126,10.0,11.0,10.0,9.0,6.0,1,1,1,1,1
NC,0.19457258353952903,0.19154363117274148,0.18910290476211472,0.18597758915829224,0.18149979079633166,-0.6923076923076922,-0.7073170731707317,-0.5499999999999999,-0.4565217391304348,-0.3571428571428572,0.45333333333333314,0.45890410958904104,0.4326241134751771,0.4014084507042255,0.3757961783439488,0.21483375959079284,0.28301886792452835,0.24444444444444446,0.25606469002695414,0.22905027932960895,-0.2759010281324144,-0.28318784718285905,-0.22955071792496526,-0.1989401442098862,-0.19868421052631582,-0.09157286162092126,-0.05724044547669682,0.08662074475677109,0.18819098035856774,0.216622998445186,38.0,38.0,37.0,37.0,34.0,3,3,3,3,2
ND,0.012966312068420506,0.011778121812534296,0.009825540288392503,0.009784891914963265,0.010048977798014423,-0.0,-0.0,-0.050000000000000044,-0.0652173913043479,-0.04761904761904767,0.6666666666666666,0.678082191780822,0.624113475177305,0.6126760563380282,0.7006369426751597,0.1969309462915601,0.21024258760107822,0.1861111111111111,0.19407008086253366,0.20670391061452523,-0.19444130606711107,-0.18353928126062805,-0.11866604909680407,-0.10546433845886545,-0.14719298245614035,0.7731141829019651,0.7130599205542307,0.6513840774800045,0.6493529987318876,0.6315862370700824,4.0,9.0,15.0,17.0,18.0,1,1,1,1,2
OH,0.24482749481872523,0.23610588279569653,0.2312034036215152,0.22339888899411695,0.2177924573364726,-0.596153846153846,-0.5121951219512195,-0.525,-0.5652173913043479,-0.5238095238095238,0.7466666666666668,0.7945205479452055,0.7801418439716316,0.7394366197183098,0.6815286624203819,0.1099744245524297,0.1428571428571429,0.12222222222222218,0.1347708894878706,0.13966480446927376,-0.2065303355553045,-0.19975059517061558,-0.1701713756368689,-0.15107288680392666,-0.1606140350877193,0.30925308046681554,0.44704538324673077,0.4383960941785,0.395808593321502,0.3440936891907407,21.0,20.0,24.0,26.0,28.0,2,2,2,2,2
OK,0.07204199919805314,0.07213433898091613,0.06821676090995596,0.065580213627053,0.06417158503464418,-0.3461538461538461,-0.39024390243902446,-0.475,-0.39130434782608703,-0.23809523809523814,0.26666666666666666,0.2328767123287674,0.1985815602836878,0.19718309859154906,0.24840764331210155,0.32480818414322254,0.3638814016172508,0.3305555555555556,0.339622641509434,0.32402234636871513,-0.40967122359055475,-0.3818161206212447,-0.30690134321445117,-0.26409521327425944,-0.27298245614035094,0.025335686584672834,-0.0453990366313847,-0.18454746646525175,-0.11078214087426053,0.007879974158740533,28.0,37.0,42.0,45.0,42.0,2,3,3,3,3
OR,0.06838734983967855,0.06907407126050596,0.07032400652423956,0.07015330179138798,0.07100051534838007,-0.7884615384615383,-0.6829268292682925,-0.475,-0.3695652173913043,-0.4285714285714287,0.7,0.7260273972602741,0.7375886524822692,0.7042253521126759,0.5923566878980894,0.26854219948849106,0.30188679245283023,0.2777777777777778,0.27223719676549857,0.2737430167597766,-0.2015591458592249,-0.18115859879832216,-0.13413617415470125,-0.12318651724437496,-0.13736842105263158,0.00865709498337458,0.2394232736260129,0.47655426262958533,0.5473436753148658,0.4094121404062175,30.0,25.0,21.0,21.0,24.0,2,2,2,2,2
PA,0.28769192712531955,0.2806071036526065,0.274736274565323,0.26459578060413663,0.2579724444127854,-0.6153846153846154,-0.6097560975609755,-0.6250000000000001,-0.5434782608695654,-0.45238095238095244,0.8066666666666672,0.8150684931506849,0.7659574468085107,0.7535211267605634,0.668789808917198,0.3350383631713555,0.35849056603773594,0.36944444444444446,0.3530997304582211,0.3128491620111732,-0.21850638345949608,-0.21811585987983223,-0.17776748494673458,-0.17122752150117282,-0.1863157894736842,0.4676304931953911,0.6062443418092426,0.6073706808715436,0.6765607190431597,0.7287901384103594,17.0,15.0,17.0,16.0,14.0,1,1,1,1,1
RI,0.010498284118570279,0.01017896327261055,0.009795542203245947,0.009198041805584528,0.008752047037905976,-0.9615384615384615,-0.7804878048780487,-0.5750000000000001,-0.43478260869565233,-0.40476190476190477,0.9133333333333336,0.8835616438356163,0.8794326241134749,0.8309859154929574,0.7643312101910834,0.1790281329923274,0.21024258760107822,0.17777777777777773,0.19407008086253366,0.19832402234636878,-0.12179414755394871,-0.12878358462759323,-0.10662343677628532,-0.10815741464685953,-0.10289473684210527,-0.0912796817245443,0.14658974010319342,0.38538250731821316,0.5394360799190335,0.5745574610477134,37.0,27.0,25.0,22.0,20.0,3,2,2,2,2
SC,0.07052745759950861,0.0699645363360957,0.07029329965876292,0.06885945119498924,0.06815571271770467,-0.7307692307692307,-0.7804878048780487,-0.525,-0.41304347826086957,-0.23809523809523814,0.4800000000000002,0.431506849315069,0.4751773049645384,0.4366197183098593,0.3503184713375799,0.20204603580562658,0.21293800539083568,0.22499999999999995,0.21293800539083554,0.2402234636871509,-0.43927239859902834,-0.43702528058043305,-0.35460861509958314,-0.33576578924506995,-0.34666666666666673,-0.41636650481165804,-0.3967313340863281,-0.10913801047628188,-0.13676445294040873,0.07283411182906496,45.0,44.0,41.0,46.0,40.0,3,3,3,3,3
SD,0.007154582529467891,0.0071061436581985075,0.006949309708934454,0.006518939153565964,0.0064414626253447875,-0.13461538461538455,-0.07317073170731712,-0.025000000000000022,-0.17391304347826095,-0.1428571428571429,0.5533333333333331,0.5616438356164383,0.5886524822695036,0.40845070422535185,0.5796178343949046,0.1585677749360614,0.19137466307277634,0.14722222222222225,0.16442048517520208,0.170391061452514,-0.3213196249011411,-0.3505271511166535,-0.2760537285780454,-0.23030145078620454,-0.1979824561403509,0.42456563762115096,0.27650515056523073,0.44177028562261494,0.23509724324786613,0.2541658031364553,18.0,24.0,23.0,33.0,33.0,2,2,2,2,2
TN,0.11908438594427181,0.11826702688848695,0.11704676419004538,0.11500011190086107,0.11210276217320703,-0.7499999999999999,-0.6829268292682925,-0.45000000000000007,-0.30434782608695654,-0.261904761904762,0.5,0.5479452054794517,0.5319148936170215,0.47183098591549305,0.4585987261146493,0.23017902813299235,0.25336927223719685,0.22499999999999995,0.2371967654986522,0.2402234636871509,-0.5856965314653712,-0.6058270037410723,-0.476609541454377,-0.42924159499609077,-0.44570175438596493,-0.37779517863989276,-0.284873645961751,-0.05264788364731027,0.00613975978948067,-0.005319503063933806,43.0,42.0,39.0,40.0,43.0,3,3,3,3,3
TX,0.6738252752818324,0.6772149999320867,0.6631457169910812,0.6506938943039098,0.6502281079369274,-0.4615384615384614,-0.39024390243902446,-0.42499999999999993,-0.41304347826086957,-0.3571428571428572,0.0,0.0,0.0,0.0,0.0,0.34782608695652173,0.3881401617250675,0.3277777777777778,0.32884097035040427,0.3324022346368716,-0.33996158626143935,-0.35959641763972344,-0.2869847151459009,-0.2555816175831813,-0.2667543859649123,0.2779346624153304,0.3602304502602851,0.27893877962295804,0.2661941601283842,0.3009497514891526,22.0,22.0,31.0,30.0,31.0,2,2,2,2,2
UT,0.048529224684441805,0.04836139533467897,0.04942874546392316,0.04970265070301952,0.051152525331394715,-0.21153846153846145,-0.19512195121951223,-0.125,-0.1956521739130435,-0.16666666666666674,0.5800000000000002,0.5753424657534247,0.5744680851063828,0.4436619718309856,0.42675159235668747,0.4450127877237853,0.48787061994609165,0.4333333333333333,0.46630727762803226,0.43854748603351956,-0.14393853801830303,-0.13785285115066317,-0.11051412691060677,-0.10251064199461385,-0.10254385964912281,0.5997459818870645,0.6606980515795708,0.8217160369930324,0.7794107113388293,0.7655601083702104,9.0,13.0,11.0,12.0,12.0,1,1,1,1,1
VT,0.0,0.0,0.0,0.0,0.0,-0.2307692307692307,-0.19512195121951223,-0.07500000000000007,-0.13043478260869568,-0.07142857142857151,0.9066666666666673,0.9041095890410955,0.9219858156028372,0.9225352112676051,0.9171974522292995,0.46035805626598464,0.4986522911051215,0.48055555555555557,0.4690026954177897,0.4888268156424582,-0.08247655632131962,-0.05974379322072329,-0.01157943492357573,-0.0,-0.0,1.175255037102527,1.1964159554658824,1.315961936234817,1.2125833043167982,1.2131195951827607,1.0,1.0,1.0,2.0,3.0,1,1,1,1,1
VA,0.1880283346482283,0.18298205836136797,0.179512241767222,0.17403552329405245,0.17146529294500656,-0.4807692307692307,-0.4146341463414634,-0.29999999999999993,-0.282608695652174,-0.1428571428571429,0.6,0.5890410958904112,0.5531914893617021,0.5422535211267606,0.5222929936305729,0.3938618925831203,0.4123989218328842,0.39722222222222225,0.39353099730458224,0.3882681564245811,-0.1041690204496667,-0.10180251672146017,-0.0887447892542844,-0.06741377812527148,-0.08403508771929825,0.5337851662148534,0.636718652325976,0.7411811640968621,0.7910643286437137,0.9183010222213172,15.0,14.0,13.0,11.0,10.0,1,1,1,1,1
WA,0.1776066958265278,0.17730834457751468,0.17880260673145146,0.18044377562879255,0.18593001369301804,-0.6538461538461537,-0.6829268292682925,-0.6,-0.5000000000000001,-0.5000000000000001,0.7466666666666668,0.7739726027397263,0.7588652482269499,0.7394366197183098,0.6305732484076432,0.0,0.0,0.0,0.0,0.0,-0.22969156027567508,-0.20655254506291806,-0.1662806855025475,-0.14455737989748935,-0.16070175438596493,-0.006367963997947729,0.08926075513004256,0.17138716945585386,0.24786383330560072,0.20290512008400965,32.0,34.0,33.0,32.0,35.0,2,2,2,2,2
WV,0.01868772408267855,0.0178427911246191,0.01692867617543426,0.01670144980626423,0.01664059574900135,-0.7499999999999999,-0.9512195121951219,-0.7999999999999999,-0.6086956521739132,-0.6904761904761906,0.7666666666666667,0.7945205479452055,0.8297872340425527,0.8098591549295773,0.6496815286624201,0.2225063938618926,0.2749326145552561,0.24166666666666664,0.2371967654986522,0.2569832402234637,-0.21229239633939664,-0.2727581906813286,-0.2211208893006021,-0.19103466249674225,-0.1875438596491228,-0.012191366680560256,-0.07735546313901562,0.06726168758405157,0.20470076945148402,0.10304506946197348,33.0,40.0,38.0,36.0,39.0,2,3,3,3,3
WI,0.1145274369003394,0.11164977359615146,0.10944907682769145,0.10461076626395925,0.10321493455197994,-0.5192307692307693,-0.43902439024390233,-0.275,-0.1956521739130435,-0.1428571428571429,0.8133333333333336,0.8424657534246578,0.8085106382978721,0.7887323943661972,0.7452229299363056,0.14322250639386186,0.1994609164420486,0.17500000000000002,0.17789757412398916,0.20670391061452523,-0.2112755620833804,-0.22809205305520916,-0.16943029180176006,-0.16314829293719055,-0.16535087719298247,0.3818726310274184,0.47610705890524496,0.6485294233238035,0.7227932091624131,0.7056380693386521,19.0,18.0,16.0,13.0,16.0,2,2,1,1,1
WY,0.004780666203659332,0.004852869307671781,0.00366088167457525,0.0031558132566984736,0.003202631379310755,-0.2692307692307691,-0.3658536585365853,-0.6,-0.39130434782608703,-0.40476190476190477,0.4733333333333339,0.3493150684931511,0.3971631205673756,0.4647887323943657,0.42675159235668747,0.10741687979539642,0.1428571428571429,0.1083333333333333,0.12398921832884091,0.12011173184357544,-0.11501525251384026,-0.12923704795374674,-0.11181102362204723,-0.09043523586135002,-0.08140350877192984,0.2010097124012233,0.13734192563294303,-0.20265368804676304,-0.025213371172841337,0.06417568723229605,24.0,29.0,43.0,41.0,41.0,2,2,3,3,3
